Class,WMC,CBO,DIT,NOC,RFC,LCOM,Code Smells,Vulnerabilities,Bugs,Major Issues,Minor Issues,Blocker Issues
Book,5.0,0.0,1.0,0.0,5.0,6.0,1,0,0,0,1,0
FineCalculator,1.0,0.0,1.0,0.0,1.0,0.0,0,0,0,0,0,0
LegacyCatalog,3.0,1.0,1.0,0.0,15.0,0.0,1,0,0,1,0,0
Library,6.0,2.0,1.0,0.0,12.0,3.0,0,0,0,0,0,0
LibraryService,3.0,1.0,1.0,0.0,23.0,0.0,6,0,0,6,0,0
Main,1.0,0.0,1.0,0.0,6.0,0.0,0,0,0,0,0,0
Member,5.0,1.0,1.0,0.0,7.0,0.0,1,0,0,0,1,0
MemberReport,1.0,0.0,1.0,0.0,19.0,0.0,0,0,0,0,0,0
NotificationService,3.0,0.0,1.0,0.0,11.0,3.0,3,0,0,3,0,0
ReportService,1.0,0.0,1.0,0.0,13.0,0.0,4,0,0,4,0,0
SearchService,1.0,1.0,1.0,0.0,11.0,0.0,0,0,0,0,0,0
ValidationUtil,3.0,0.0,1.0,0.0,7.0,3.0,3,0,0,1,2,0
